9	1	Chicken Burrito	[Fresh Tomato Salsa (Mild), [Black Beans, Rice, Cheese, Sour Cream, Lettuce]]	$8.49 
21	1	Chicken Burrito	[Tomatillo-Red Chili Salsa (Hot), [Black Beans, Fajita Veggies, Cheese, Sour Cream, Guacamole, Lettuce]]	$10.98 
24	1	Chicken Burrito	[Roasted Chili Corn Salsa (Medium), [Black Beans, Rice, Fajita Veggies, Cheese, Sour Cream, Guacamole, Lettuce]]	$10.98 
28	1	Chicken Burrito	[Fresh Tomato Salsa, [Rice, Black Beans, Cheese]]	$8.75 
30	1	Chicken Burrito	[Tomatillo-Red Chili Salsa (Hot), [Black Beans, Fajita Veggies, Cheese, Sour Cream, Guacamole, Lettuce]]	$10.98 
33	1	Chicken Burrito	[Tomatillo Red Chili Salsa, [Rice, Black Beans, Cheese, Sour Cream]]	$8.75 
36	1	Chicken Burrito	[Fresh Tomato Salsa, [Rice, Black Beans, Cheese, Sour Cream, Lettuce]]	$8.75 
37	1	Chicken Burrito	[Tomatillo Green Chili Salsa, [Rice, Black Beans, Sour Cream, Cheese]]	$8.75 
43	1	Chicken Burrito	[Tomatillo Red Chili Salsa, [Rice, Black Beans, Cheese]]	$8.75 
53	1	Chicken Burrito	[Tomatillo Red Chili Salsa, [Rice, Black Beans, Sour Cream, Cheese, Lettuce]]	$8.75 
59	1	Chicken Burrito	[Roasted Chili Corn Salsa (Medium), [Rice, Black Beans, Sour Cream, Guacamole]]	$10.98 
68	2	Chicken Burrito	[Tomatillo Red Chili Salsa, [Rice, Black Beans, Sour Cream, Cheese, Lettuce]]	$17.50 
72	1	Chicken Burrito	[[Roasted Chili Corn Salsa (Medium), Tomatillo-Red Chili Salsa (Hot)], [Black Beans, Rice, Fajita Veggies, Cheese, Sour Cream, Guacamole, Lettuce]]	$10.98 
73	1	Chicken Burrito	[[Roasted Chili Corn Salsa (Medium), Tomatillo-Red Chili Salsa (Hot)], [Black Beans, Rice, Fajita Veggies, Cheese, Guacamole, Lettuce]]	$10.98 
75	1	Chicken Burrito	[Tomatillo Red Chili Salsa, [Rice, Black Beans, Cheese, Guacamole, Lettuce]]	$11.25 
76	1	Chicken Burrito	[[Tomatillo-Red Chili Salsa (Hot), Fresh Tomato Salsa (Mild)], [Rice, Black Beans, Cheese, Lettuce]]	$8.49 
77	1	Chicken Burrito	[Tomatillo-Red Chili Salsa (Hot), [Black Beans, Rice, Cheese, Sour Cream, Lettuce]]	$8.49 
90	1	Chicken Burrito	[Tomatillo Red Chili Salsa, [Rice, Black Beans, Sour Cream, Cheese, Lettuce, Guacamole]]	$11.25 
91	1	Chicken Burrito	[Tomatillo-Red Chili Salsa (Hot), [Black Beans, Rice, Cheese, Sour Cream, Lettuce]]	$8.49 
96	1	Chicken Burrito	[Tomatillo Red Chili Salsa, [Rice, Black Beans, Cheese, Sour Cream]]	$8.75 
105	2	Chicken Burrito	[Tomatillo Red Chili Salsa, [Rice, Black Beans, Cheese, Sour Cream, Lettuce]]	$17.50 
119	1	Chicken Burrito	[Roasted Chili Corn Salsa (Medium), [Black Beans, Rice, Cheese, Sour Cream, Lettuce]]	$8.49 
120	1	Chicken Burrito	[Tomatillo-Red Chili Salsa (Hot), [Black Beans, Rice, Cheese]]	$8.49 
121	1	Chicken Burrito	[Fresh Tomato Salsa (Mild), [Black Beans, Rice, Cheese, Sour Cream]]	$8.49 
134	1	Chicken Burrito	[Tomatillo Red Chili Salsa, [Rice, Black Beans, Cheese, Lettuce]]	$8.75 
134	1	Chicken Burrito	[Tomatillo Red Chili Salsa, [Rice, Black Beans, Cheese, Sour Cream, Guacamole, Lettuce]]	$11.25 
141	1	Chicken Burrito	[Roasted Chili Corn Salsa (Medium), [Pinto Beans, Black Beans, Rice, Fajita Veggies, Cheese, Sour Cream, Lettuce]]	$8.49 
144	1	Chicken Burrito	[Fresh Tomato Salsa, [Rice, Black Beans, Cheese, Sour Cream, Guacamole, Lettuce]]	$11.25 
148	1	Chicken Burrito	[Tomatillo Red Chili Salsa, [Rice, Black Beans, Sour Cream, Cheese, Lettuce, Guacamole]]	$11.25 
151	1	Chicken Burrito	[Tomatillo-Red Chili Salsa (Hot), [Black Beans, Rice, Cheese]]	$8.49 
157	1	Chicken Burrito	[Tomatillo Red Chili Salsa, [Rice, Black Beans, Cheese, Sour Cream, Guacamole, Lettuce]]	$11.25 
159	1	Chicken Burrito	[Roasted Chili Corn Salsa, [Rice, Fajita Vegetables, Black Beans, Cheese, Lettuce, Guacamole]]	$11.25 
166	1	Chicken Burrito	[Fresh Tomato Salsa, [Rice, Black Beans, Sour Cream, Cheese, Guacamole]]	$11.25 
174	1	Chicken Burrito	[Roasted Chili Corn Salsa, [Rice, Black Beans, Cheese, Lettuce, Guacamole]]	$11.25 
184	1	Chicken Burrito	[Roasted Chili Corn Salsa, [Rice, Black Beans, Cheese, Sour Cream, Lettuce]]	$8.75 
192	1	Chicken Burrito	[Roasted Chili Corn Salsa, [Rice, Fajita Vegetables, Black Beans, Sour Cream, Cheese, Lettuce, Guacamole]]	$11.25 
195	1	Chicken Burrito	[Fresh Tomato Salsa, [Rice, Black Beans, Cheese, Sour Cream, Guacamole, Lettuce]]	$11.25 
196	1	Chicken Burrito	[Fresh Tomato Salsa, [Black Beans, Cheese, Guacamole, Lettuce]]	$11.25 
198	1	Chicken Burrito	[Fresh Tomato Salsa, [Rice, Black Beans, Cheese, Sour Cream, Guacamole, Lettuce]]	$11.25 
205	1	Chicken Burrito	[Fresh Tomato Salsa, [Rice, Black Beans, Cheese, Sour Cream, Guacamole, Lettuce]]	$11.25 
216	1	Chicken Burrito	[Tomatillo Green Chili Salsa, [Rice, Black Beans, Cheese, Sour Cream]]	$8.75 
222	1	Chicken Burrito	[Tomatillo Red Chili Salsa, [Fajita Vegetables, Rice, Black Beans, Guacamole]]	$11.25 
223	1	Chicken Burrito	[Fresh Tomato Salsa, [Rice, Black Beans, Cheese]]	$8.75 
233	1	Chicken Burrito	[Tomatillo Green Chili Salsa, [Fajita Vegetables, Rice, Black Beans, Cheese, Sour Cream, Lettuce]]	$8.75 
234	1	Chicken Burrito	[Tomatillo Green Chili Salsa, [Fajita Vegetables, Black Beans, Sour Cream, Cheese]]	$8.75 
241	1	Chicken Burrito	[Fresh Tomato Salsa (Mild), [Rice, Black Beans, Fajita Veggies, Cheese, Guacamole, Lettuce]]	$10.98 
251	1	Chicken Burrito	[Fresh Tomato Salsa, [Rice, Black Beans, Cheese, Lettuce]]	$8.75 
252	1	Chicken Burrito	[Fresh Tomato Salsa, [Rice, Black Beans, Sour Cream]]	$8.75 
256	1	Chicken Burrito	[Tomatillo-Red Chili Salsa (Hot), [Black Beans, Rice, Cheese, Sour Cream, Guacamole, Lettuce]]	$10.98 
265	1	Chicken Burrito	[Tomatillo Red Chili Salsa, [Rice, Black Beans, Cheese, Sour Cream]]	$8.75 
273	1	Chicken Burrito	[Fresh Tomato Salsa, [Rice, Black Beans, Sour Cream, Cheese, Lettuce]]	$8.75 
278	1	Chicken Burrito	[Roasted Chili Corn Salsa (Medium), [Black Beans, Rice, Fajita Veggies, Cheese, Sour Cream, Guacamole, Lettuce]]	$10.98 
283	1	Chicken Burrito	[Fresh Tomato Salsa, [Rice, Black Beans, Cheese, Guacamole, Lettuce]]	$11.25 
295	1	Chicken Burrito	[Tomatillo Red Chili Salsa, [Rice, Fajita Vegetables, Black Beans, Cheese, Lettuce, Guacamole]]	$11.25 
300	1	Chicken Burrito	[Roasted Chili Corn Salsa, [Fajita Vegetables, Rice, Black Beans, Cheese]]	$8.75 
303	1	Chicken Burrito	[Roasted Chili Corn Salsa, [Rice, Fajita Vegetables, Black Beans, Sour Cream, Cheese, Lettuce]]	$8.75 
308	1	Chicken Burrito	[Fresh Tomato Salsa, [Rice, Black Beans, Cheese, Guacamole, Lettuce]]	$11.25 
321	1	Chicken Burrito	[[Fresh Tomato Salsa (Mild), Roasted Chili Corn Salsa (Medium), Tomatillo-Red Chili Salsa (Hot)], [Black Beans, Rice, Fajita Veggies, Lettuce]]	$8.49 
324	1	Chicken Burrito	[Roasted Chili Corn Salsa, [Rice, Black Beans, Cheese, Lettuce, Guacamole]]	$11.25 
325	1	Chicken Burrito	[Fresh Tomato Salsa, [Rice, Black Beans, Cheese]]	$8.75 
327	1	Chicken Burrito	[Tomatillo Red Chili Salsa, [Fajita Vegetables, Rice, Black Beans, Sour Cream, Guacamole, Lettuce]]	$11.25 
334	1	Chicken Burrito	[Fresh Tomato Salsa, [Rice, Black Beans, Cheese, Sour Cream]]	$8.75 
340	1	Chicken Burrito	[Fresh Tomato Salsa, [Rice, Black Beans, Cheese, Sour Cream, Lettuce]]	$8.75 
344	1	Chicken Burrito	[Tomatillo-Green Chili Salsa (Medium), [Black Beans, Rice, Fajita Veggies, Sour Cream]]	$8.49 
353	1	Chicken Burrito	[Fresh Tomato Salsa, [Rice, Black Beans, Sour Cream, Lettuce]]	$8.75 
354	1	Chicken Burrito	[Fresh Tomato Salsa, [Rice, Black Beans, Cheese, Lettuce]]	$8.75 
378	1	Chicken Burrito	[Fresh Tomato Salsa (Mild), [Black Beans, Rice, Cheese, Sour Cream, Lettuce]]	$8.49 
392	1	Chicken Burrito	[Tomatillo-Red Chili Salsa (Hot), [Black Beans, Rice, Cheese]]	$8.49 
410	1	Chicken Burrito	[Roasted Chili Corn Salsa, [Rice, Black Beans]]	$8.75 
414	1	Chicken Burrito	[[Fresh Tomato Salsa (Mild), Tomatillo-Green Chili Salsa (Medium)], [Black Beans, Rice, Fajita Veggies, Cheese, Sour Cream]]	$8.49 
420	1	Chicken Burrito	[Fresh Tomato Salsa, [Black Beans, Pinto Beans, Cheese, Guacamole, Lettuce]]	$11.25 
424	1	Chicken Burrito	[[Tomatillo-Green Chili Salsa (Medium), Roasted Chili Corn Salsa (Medium)], [Black Beans, Rice, Cheese]]	$8.49 
431	1	Chicken Burrito	[Fresh Tomato Salsa, [Rice, Black Beans, Cheese, Guacamole, Lettuce]]	$11.25 
435	1	Chicken Burrito	[[Tomatillo-Green Chili Salsa (Medium), Tomatillo-Red Chili Salsa (Hot)], [Black Beans, Rice, Cheese, Sour Cream, Guacamole]]	$10.98 
448	1	Chicken Burrito	[Fresh Tomato Salsa, [Fajita Vegetables, Rice, Black Beans, Pinto Beans, Cheese, Lettuce]]	$8.75 
462	1	Chicken Burrito	[Fresh Tomato Salsa, [Rice, Black Beans, Cheese, Sour Cream, Guacamole, Lettuce]]	$11.25 
462	1	Chicken Burrito	[Fresh Tomato Salsa, [Rice, Black Beans, Cheese, Sour Cream, Guacamole, Lettuce]]	$11.25 
464	1	Chicken Burrito	[Roasted Chili Corn Salsa, [Rice, Black Beans, Cheese, Lettuce, Guacamole]]	$11.25 
466	1	Chicken Burrito	[Tomatillo Red Chili Salsa, [Rice, Black Beans, Cheese]]	$8.75 
477	1	Chicken Burrito	[Tomatillo-Red Chili Salsa (Hot), [Black Beans, Rice, Cheese, Lettuce]]	$8.49 
482	1	Chicken Burrito	[Tomatillo Red Chili Salsa, [Rice, Black Beans, Cheese]]	$8.75 
497	2	Chicken Burrito	[Tomatillo Red Chili Salsa, [Cheese, Rice, Black Beans]]	$17.50 
503	1	Chicken Burrito	[Roasted Chili Corn Salsa, [Rice, Black Beans, Cheese, Sour Cream, Guacamole, Lettuce]]	$11.25 
506	1	Chicken Burrito	[Fresh Tomato Salsa, [Rice, Black Beans, Sour Cream, Lettuce]]	$8.75 
511	4	Chicken Burrito	[Fresh Tomato Salsa, [Fajita Vegetables, Rice, Black Beans, Cheese, Lettuce]]	$35.00 
518	1	Chicken Burrito	[[Roasted Chili Corn Salsa (Medium), Fresh Tomato Salsa (Mild)], [Rice, Black Beans, Fajita Veggies, Cheese, Sour Cream, Guacamole, Lettuce]]	$10.98 
521	1	Chicken Burrito	[Fresh Tomato Salsa, [Rice, Black Beans, Cheese, Lettuce]]	$8.75 
523	1	Chicken Burrito	[Tomatillo-Red Chili Salsa (Hot), [Black Beans, Rice, Cheese]]	$8.49 
534	1	Chicken Burrito	[Roasted Chili Corn Salsa, [Fajita Vegetables, Rice, Black Beans, Cheese, Sour Cream, Guacamole]]	$11.25 
539	1	Chicken Burrito	[Tomatillo-Red Chili Salsa (Hot), [Black Beans, Rice, Cheese]]	$8.49 
546	1	Chicken Burrito	[Tomatillo Green Chili Salsa, [Rice, Black Beans, Sour Cream, Cheese, Guacamole]]	$11.25 
556	1	Chicken Burrito	[Tomatillo-Red Chili Salsa (Hot), [Black Beans, Rice, Cheese, Sour Cream, Guacamole]]	$10.98 
571	1	Chicken Burrito	[Fresh Tomato Salsa, [Rice, Black Beans, Cheese, Sour Cream, Guacamole]]	$11.25 
572	1	Chicken Burrito	[Fresh Tomato Salsa (Mild), [Black Beans, Rice, Cheese, Sour Cream, Lettuce]]	$8.49 
582	1	Chicken Burrito	[Fresh Tomato Salsa, [Rice, Black Beans, Cheese, Sour Cream, Guacamole]]	$11.25 
585	1	Chicken Burrito	[Fresh Tomato Salsa, [Rice, Black Beans, Cheese, Sour Cream]]	$8.75 
588	1	Chicken Burrito	[Fresh Tomato Salsa, [Fajita Vegetables, Rice, Black Beans, Pinto Beans, Cheese, Sour Cream, Guacamole, Lettuce]]	$11.25 
589	1	Chicken Burrito	[Tomatillo-Red Chili Salsa (Hot), [Black Beans, Rice, Cheese, Sour Cream, Guacamole]]	$10.98 
594	1	Chicken Burrito	[[Fresh Tomato Salsa (Mild), Roasted Chili Corn Salsa (Medium)], [Pinto Beans, Black Beans, Rice, Fajita Veggies, Cheese, Lettuce]]	$8.49 
596	1	Chicken Burrito	[Tomatillo-Green Chili Salsa (Medium), [Black Beans, Rice, Cheese, Sour Cream, Guacamole, Lettuce]]	$10.98 
604	1	Chicken Burrito	[Tomatillo Red Chili Salsa, [Rice, Black Beans, Cheese]]	$8.75 
607	1	Chicken Burrito	[Roasted Chili Corn Salsa, [Rice, Black Beans, Sour Cream, Cheese, Lettuce]]	$8.75 
610	1	Chicken Burrito	[Fresh Tomato Salsa, [Fajita Vegetables, Rice, Black Beans, Cheese, Sour Cream, Lettuce]]	$8.75 
610	1	Chicken Burrito	[Fresh Tomato Salsa, [Fajita Vegetables, Rice, Black Beans, Cheese, Sour Cream, Lettuce]]	$8.75 
619	1	Chicken Burrito	[Fresh Tomato Salsa, [Rice, Black Beans, Cheese, Lettuce]]	$8.75 
620	1	Chicken Burrito	[Tomatillo Red Chili Salsa, [Rice, Black Beans, Cheese]]	$8.75 
629	1	Chicken Burrito	[Roasted Chili Corn Salsa, [Rice, Black Beans]]	$8.75 
629	1	Chicken Burrito	[Fresh Tomato Salsa, [Rice, Black Beans]]	$8.75 
646	1	Chicken Burrito	[Roasted Chili Corn Salsa, [Fajita Vegetables, Rice, Black Beans, Cheese, Sour Cream, Guacamole, Lettuce]]	$11.25 
652	1	Chicken Burrito	[Fresh Tomato Salsa (Mild), [Black Beans, Rice, Sour Cream, Guacamole]]	$10.98 
669	1	Chicken Burrito	[Fresh Tomato Salsa, [Rice, Black Beans, Cheese, Sour Cream, Guacamole, Lettuce]]	$11.25 
673	1	Chicken Burrito	[Fresh Tomato Salsa, [Rice, Black Beans, Sour Cream, Cheese, Lettuce, Guacamole]]	$11.25 
674	1	Chicken Burrito	[Tomatillo Green Chili Salsa, [Fajita Vegetables, Rice, Black Beans, Pinto Beans, Cheese]]	$8.75 
688	1	Chicken Burrito	[Tomatillo Green Chili Salsa, [Fajita Vegetables, Rice, Black Beans, Pinto Beans, Cheese, Sour Cream, Guacamole, Lettuce]]	$11.25 
691	1	Chicken Burrito	[Roasted Chili Corn Salsa, [Fajita Vegetables, Rice, Black Beans, Guacamole]]	$11.25 
692	2	Chicken Burrito	[Tomatillo-Red Chili Salsa (Hot), [Lettuce, Guacamole, Sour Cream, Cheese, Rice, Black Beans]]	$21.96 
697	1	Chicken Burrito	[Fresh Tomato Salsa, [Rice, Black Beans, Cheese, Sour Cream, Guacamole]]	$11.25 
705	1	Chicken Burrito	[Tomatillo Red Chili Salsa, [Black Beans, Lettuce]]	$8.75 
706	1	Chicken Burrito	[Tomatillo Green Chili Salsa, [Rice, Pinto Beans, Black Beans, Sour Cream, Cheese, Lettuce]]	$8.75 
712	1	Chicken Burrito	[Tomatillo Red Chili Salsa, [Rice, Black Beans, Cheese]]	$8.75 
716	1	Chicken Burrito	[Tomatillo Red Chili Salsa, [Rice, Black Beans, Cheese]]	$8.75 
732	1	Chicken Burrito	[Fresh Tomato Salsa (Mild), [Black Beans, Rice, Fajita Veggies, Cheese, Sour Cream, Lettuce]]	$8.49 
737	1	Chicken Burrito	[Tomatillo Red Chili Salsa, [Rice, Black Beans, Cheese]]	$8.75 
739	1	Chicken Burrito	[Roasted Chili Corn Salsa (Medium), [Black Beans, Rice, Cheese, Sour Cream, Lettuce]]	$8.49 
743	1	Chicken Burrito	[Tomatillo Green Chili Salsa, [Rice, Black Beans, Cheese, Sour Cream, Lettuce]]	$8.75 
758	1	Chicken Burrito	[Fresh Tomato Salsa, [Rice, Black Beans, Cheese, Lettuce]]	$8.75 
761	1	Chicken Burrito	[Fresh Tomato Salsa (Mild), [Black Beans, Rice, Cheese, Sour Cream, Lettuce]]	$8.49 
761	1	Chicken Burrito	[Fresh Tomato Salsa (Mild), [Black Beans, Rice, Sour Cream, Guacamole]]	$10.98 
800	2	Chicken Burrito	[Fresh Tomato Salsa, [Rice, Black Beans, Cheese, Sour Cream, Lettuce]]	$17.50 
816	1	Chicken Burrito	[Fresh Tomato Salsa, [Fajita Vegetables, Rice, Black Beans, Cheese, Sour Cream, Lettuce]]	$8.75 
817	1	Chicken Burrito	[Fresh Tomato Salsa, [Rice, Black Beans, Cheese, Sour Cream, Lettuce]]	$8.75 
820	1	Chicken Burrito	[[Fresh Tomato Salsa (Mild), Tomatillo-Green Chili Salsa (Medium), Tomatillo-Red Chili Salsa (Hot)], [Pinto Beans, Black Beans, Rice, Fajita Veggies, Cheese, Sour Cream, Lettuce]]	$8.49 
826	2	Chicken Burrito	[Fresh Tomato Salsa, [Rice, Black Beans, Cheese, Sour Cream, Lettuce]]	$17.50 
831	2	Chicken Burrito	[Fresh Tomato Salsa, [Lettuce, Rice, Black Beans, Cheese]]	$17.50 
842	1	Chicken Burrito	[Fresh Tomato Salsa (Mild), [Black Beans, Rice, Cheese, Sour Cream, Guacamole]]	$10.98 
844	1	Chicken Burrito	[Roasted Chili Corn Salsa, [Fajita Vegetables, Rice, Black Beans, Pinto Beans, Cheese, Sour Cream, Lettuce]]	$8.75 
848	1	Chicken Burrito	[Fresh Tomato Salsa, [Rice, Black Beans, Cheese, Sour Cream]]	$8.75 
848	1	Chicken Burrito	[Tomatillo Red Chili Salsa, [Black Beans, Cheese, Sour Cream]]	$8.75 
856	1	Chicken Burrito	[Fresh Tomato Salsa, [Rice, Black Beans, Cheese, Sour Cream, Guacamole, Lettuce]]	$11.25 
856	1	Chicken Burrito	[Fresh Tomato Salsa, [Rice, Black Beans, Cheese, Sour Cream, Guacamole, Lettuce]]	$11.25 
862	1	Chicken Burrito	[Fresh Tomato Salsa, [Rice, Black Beans, Cheese, Sour Cream]]	$8.75 
868	1	Chicken Burrito	[Fresh Tomato Salsa (Mild), [Black Beans, Rice, Cheese]]	$8.49 
868	1	Chicken Burrito	[Tomatillo-Green Chili Salsa (Medium), [Black Beans, Rice, Cheese, Sour Cream, Lettuce]]	$8.49 
870	1	Chicken Burrito	[Tomatillo-Red Chili Salsa (Hot), [Black Beans, Rice, Cheese, Sour Cream, Guacamole]]	$10.98 
871	1	Chicken Burrito	[[Tomatillo-Green Chili Salsa (Medium), Roasted Chili Corn Salsa (Medium)], [Pinto Beans, Black Beans, Rice, Fajita Veggies, Cheese, Sour Cream, Guacamole, Lettuce]]	$10.98 
880	1	Chicken Burrito	[Roasted Chili Corn Salsa (Medium), [Black Beans, Rice, Cheese, Sour Cream]]	$8.49 
881	1	Chicken Burrito	[Fresh Tomato Salsa, [Rice, Black Beans]]	$8.75 
888	1	Chicken Burrito	[Fresh Tomato Salsa, [Black Beans, Cheese, Sour Cream]]	$8.75 
891	1	Chicken Burrito	[Fresh Tomato Salsa, [Rice, Black Beans]]	$8.75 
911	1	Chicken Burrito	[Roasted Chili Corn Salsa, [Rice, Black Beans, Cheese]]	$8.75 
917	1	Chicken Burrito	[Tomatillo-Green Chili Salsa (Medium), [Black Beans, Rice, Cheese, Sour Cream, Guacamole]]	$10.98 
919	1	Chicken Burrito	[Tomatillo Red Chili Salsa, [Rice, Black Beans, Cheese, Sour Cream, Lettuce]]	$8.75 
920	1	Chicken Burrito	[Fresh Tomato Salsa (Mild), [Black Beans, Rice, Cheese, Sour Cream, Guacamole, Lettuce]]	$10.98 
925	1	Chicken Burrito	[Fresh Tomato Salsa, [Rice, Black Beans, Cheese, Sour Cream]]	$8.75 
926	1	Chicken Burrito	[Fresh Tomato Salsa, [Rice, Black Beans, Cheese, Lettuce]]	$8.75 
926	1	Chicken Burrito	[Roasted Chili Corn Salsa, [Rice, Black Beans, Cheese, Sour Cream, Lettuce]]	$8.75 
937	1	Chicken Burrito	[Tomatillo Red Chili Salsa, [Fajita Vegetables, Rice, Black Beans, Pinto Beans, Cheese, Sour Cream, Lettuce]]	$8.75 
940	1	Chicken Burrito	[Fresh Tomato Salsa, [Rice, Black Beans, Cheese, Lettuce]]	$8.75 
941	1	Chicken Burrito	[Tomatillo Green Chili Salsa, [Rice, Black Beans, Cheese, Sour Cream, Lettuce]]	$8.75 
951	1	Chicken Burrito	[Fresh Tomato Salsa, [Rice, Black Beans, Cheese, Guacamole]]	$11.25 
957	1	Chicken Burrito	[Fresh Tomato Salsa, [Rice, Black Beans, Cheese, Guacamole, Lettuce]]	$11.25 
972	1	Chicken Burrito	[Fresh Tomato Salsa, [Rice, Black Beans, Sour Cream, Cheese, Lettuce]]	$8.75 
975	1	Chicken Burrito	[Fresh Tomato Salsa, [Rice, Black Beans, Cheese, Sour Cream, Lettuce]]	$8.75 
977	1	Chicken Burrito	[Fresh Tomato Salsa (Mild), [Black Beans, Rice, Sour Cream, Guacamole]]	$10.98 
989	1	Chicken Burrito	[Tomatillo Green Chili Salsa, [Rice, Black Beans, Cheese, Sour Cream, Guacamole]]	$11.25 
994	1	Chicken Burrito	[Roasted Chili Corn Salsa (Medium), [Black Beans, Rice, Cheese, Guacamole, Lettuce]]	$10.98 
1005	1	Chicken Burrito	[Fresh Tomato Salsa, [Rice, Black Beans, Cheese, Lettuce]]	$8.75 
1006	1	Chicken Burrito	[Fresh Tomato Salsa, [Rice, Black Beans, Cheese, Sour Cream]]	$8.75 
1006	1	Chicken Burrito	[Fresh Tomato Salsa, [Rice, Black Beans, Cheese, Guacamole]]	$11.25 
1019	1	Chicken Burrito	[Fresh Tomato Salsa, [Rice, Black Beans, Cheese, Sour Cream, Guacamole, Lettuce]]	$11.25 
1026	1	Chicken Burrito	[Fresh Tomato Salsa, [Fajita Vegetables, Rice, Black Beans, Cheese, Lettuce]]	$8.75 
1027	2	Chicken Burrito	[Fresh Tomato Salsa, [Rice, Black Beans, Cheese, Sour Cream, Lettuce]]	$17.50 
1030	1	Chicken Burrito	[Tomatillo Green Chili Salsa, [Rice, Black Beans, Cheese, Sour Cream]]	$8.75 
1031	2	Chicken Burrito	[Fresh Tomato Salsa, [Rice, Black Beans, Cheese, Sour Cream]]	$17.50 
1039	1	Chicken Burrito	[Tomatillo-Red Chili Salsa (Hot), [Rice, Black Beans, Fajita Veggies, Guacamole]]	$10.98 
1048	2	Chicken Burrito	[Fresh Tomato Salsa, [Rice, Black Beans, Cheese, Sour Cream, Lettuce]]	$17.50 
1052	1	Chicken Burrito	[Fresh Tomato Salsa, [Rice, Black Beans, Cheese, Guacamole, Lettuce]]	$11.25 
1053	1	Chicken Burrito	[Tomatillo-Red Chili Salsa (Hot), [Black Beans, Rice, Cheese, Sour Cream, Lettuce]]	$8.49 
1063	1	Chicken Burrito	[Tomatillo Green Chili Salsa, [Rice, Black Beans, Cheese]]	$8.75 
1065	1	Chicken Burrito	[Tomatillo-Green Chili Salsa (Medium), [Black Beans, Rice, Cheese, Lettuce]]	$8.49 
1065	1	Chicken Burrito	[Fresh Tomato Salsa (Mild), [Black Beans, Rice, Cheese, Sour Cream, Lettuce]]	$8.49 
1068	1	Chicken Burrito	[Fresh Tomato Salsa, [Fajita Vegetables, Rice, Black Beans, Cheese]]	$8.75 
1071	1	Chicken Burrito	[Fresh Tomato Salsa, [Rice, Black Beans, Cheese]]	$8.75 
1071	1	Chicken Burrito	[Roasted Chili Corn Salsa, [Fajita Vegetables, Rice, Black Beans, Cheese, Sour Cream, Lettuce]]	$8.75 
1073	1	Chicken Burrito	[Fresh Tomato Salsa (Mild), [Black Beans, Rice, Cheese, Sour Cream, Lettuce]]	$8.49 
1080	1	Chicken Burrito	[Roasted Chili Corn Salsa, [Fajita Vegetables, Rice, Black Beans, Cheese, Sour Cream, Guacamole, Lettuce]]	$11.25 
1082	1	Chicken Burrito	[Roasted Chili Corn Salsa, [Fajita Vegetables, Rice, Black Beans, Pinto Beans, Guacamole, Lettuce]]	$11.25 
1084	1	Chicken Burrito	[Fresh Tomato Salsa, [Rice, Black Beans, Cheese, Sour Cream, Lettuce]]	$8.75 
1086	1	Chicken Burrito	[Tomatillo Green Chili Salsa, [Rice, Black Beans, Pinto Beans, Cheese, Guacamole, Lettuce]]	$11.25 
1095	1	Chicken Burrito	[Tomatillo-Red Chili Salsa (Hot), [Black Beans, Fajita Veggies, Cheese, Sour Cream, Lettuce]]	$8.49 
1099	1	Chicken Burrito	[[Fresh Tomato Salsa (Mild), Roasted Chili Corn Salsa (Medium)], [Black Beans, Rice, Fajita Veggies, Cheese, Sour Cream, Lettuce]]	$8.49 
1099	1	Chicken Burrito	[[Fresh Tomato Salsa (Mild), Roasted Chili Corn Salsa (Medium)], [Pinto Beans, Black Beans, Rice, Fajita Veggies, Cheese, Sour Cream, Lettuce]]	$8.49 
1103	1	Chicken Burrito	[Fresh Tomato Salsa, [Rice, Black Beans, Sour Cream]]	$8.75 
1108	1	Chicken Burrito	[Fresh Tomato Salsa, [Rice, Black Beans, Cheese, Sour Cream]]	$8.75 
1126	1	Chicken Burrito	[Tomatillo Green Chili Salsa, [Rice, Black Beans, Cheese]]	$8.75 
1137	1	Chicken Burrito	[Tomatillo Red Chili Salsa, [Rice, Black Beans, Pinto Beans, Cheese, Sour Cream, Lettuce]]	$8.75 
1139	1	Chicken Burrito	[Fresh Tomato Salsa, [Fajita Vegetables, Rice, Black Beans, Pinto Beans, Guacamole, Lettuce]]	$11.25 
1145	1	Chicken Burrito	[Roasted Chili Corn Salsa, [Rice, Black Beans]]	$8.75 
1163	1	Chicken Burrito	[Tomatillo Green Chili Salsa, [Black Beans, Cheese, Guacamole, Lettuce]]	$11.25 
1172	1	Chicken Burrito	[Fresh Tomato Salsa (Mild), [Black Beans, Rice, Fajita Veggies, Cheese, Sour Cream, Lettuce]]	$8.49 
1174	2	Chicken Burrito	[Fresh Tomato Salsa, [Cheese, Rice, Black Beans, Lettuce]]	$17.50 
1183	2	Chicken Burrito	[Fresh Tomato Salsa, [Rice, Black Beans, Cheese, Sour Cream]]	$17.50 
1242	1	Chicken Burrito	[Fresh Tomato Salsa (Mild), [Black Beans, Rice, Cheese, Sour Cream, Lettuce]]	$8.49 
1245	1	Chicken Burrito	[Tomatillo Green Chili Salsa, [Rice, Black Beans, Cheese, Lettuce]]	$8.75 
1266	1	Chicken Burrito	[Tomatillo Red Chili Salsa, [Rice, Black Beans, Lettuce]]	$8.75 
1267	1	Chicken Burrito	[[Tomatillo-Red Chili Salsa (Hot), Tomatillo-Green Chili Salsa (Medium)], [Rice, Black Beans, Cheese, Lettuce]]	$8.49 
1293	1	Chicken Burrito	[Fresh Tomato Salsa, [Rice, Black Beans, Cheese, Lettuce]]	$8.75 
1310	1	Chicken Burrito	[Fresh Tomato Salsa, [Rice, Black Beans, Cheese, Sour Cream]]	$8.75 
1320	1	Chicken Burrito	[Roasted Chili Corn Salsa, [Rice, Black Beans, Sour Cream, Lettuce]]	$8.75 
1329	1	Chicken Burrito	[Roasted Chili Corn Salsa, [Rice, Black Beans, Sour Cream, Cheese, Lettuce]]	$8.75 
1341	1	Chicken Burrito	[Fresh Tomato Salsa, [Rice, Black Beans, Cheese, Sour Cream, Lettuce]]	$8.75 
1341	1	Chicken Burrito	[Roasted Chili Corn Salsa, [Rice, Black Beans, Lettuce]]	$8.75 
1342	1	Chicken Burrito	[Fresh Tomato Salsa, [Rice, Black Beans, Lettuce, Cheese]]	$8.75 
1355	2	Chicken Burrito	[Roasted Chili Corn Salsa (Medium), [Black Beans, Rice, Cheese, Sour Cream]]	$16.98 
1358	1	Chicken Burrito	[Tomatillo-Red Chili Salsa (Hot), [Rice, Black Beans, Cheese, Lettuce]]	$8.49 
1371	1	Chicken Burrito	[Fresh Tomato Salsa, [Fajita Vegetables, Rice, Black Beans, Cheese]]	$8.75 
1385	1	Chicken Burrito	[Tomatillo-Red Chili Salsa (Hot), [Black Beans, Rice, Cheese, Sour Cream, Guacamole, Lettuce]]	$10.98 
1386	1	Chicken Burrito	[Fresh Tomato Salsa, [Rice, Black Beans, Cheese]]	$8.75 
1387	1	Chicken Burrito	[Fresh Tomato Salsa, [Fajita Vegetables, Rice, Black Beans, Pinto Beans, Cheese, Sour Cream, Guacamole, Lettuce]]	$11.25 
1392	1	Chicken Burrito	[Fresh Tomato Salsa, [Rice, Black Beans, Cheese, Sour Cream, Lettuce]]	$8.75 
1392	1	Chicken Burrito	[Roasted Chili Corn Salsa, [Rice, Black Beans, Cheese, Lettuce]]	$8.75 
1393	1	Chicken Burrito	[Roasted Chili Corn Salsa, [Fajita Vegetables, Rice, Black Beans, Cheese, Sour Cream]]	$8.75 
1393	1	Chicken Burrito	[Roasted Chili Corn Salsa, [Fajita Vegetables, Rice, Black Beans, Pinto Beans, Cheese, Lettuce]]	$8.75 
1434	1	Chicken Burrito	[Roasted Chili Corn Salsa (Medium), [Black Beans, Fajita Veggies, Cheese, Sour Cream, Guacamole]]	$10.98 
1434	1	Chicken Burrito	[Roasted Chili Corn Salsa (Medium), [Black Beans, Rice, Cheese, Sour Cream]]	$8.49 
1440	1	Chicken Burrito	[Tomatillo-Green Chili Salsa (Medium), [Black Beans, Rice, Fajita Veggies, Cheese, Sour Cream, Lettuce]]	$8.49 
1443	4	Chicken Burrito	[Fresh Tomato Salsa, [Rice, Black Beans, Cheese, Sour Cream]]	$35.00 
1448	1	Chicken Burrito	[Tomatillo Red Chili Salsa, [Rice, Black Beans, Cheese, Lettuce]]	$8.75 
1449	2	Chicken Burrito	[Fresh Tomato Salsa (Mild), [Black Beans, Rice, Fajita Veggies, Cheese]]	$16.98 
1471	2	Chicken Burrito	[Fresh Tomato Salsa, [Rice, Black Beans, Cheese, Sour Cream, Lettuce]]	$17.50 
1478	2	Chicken Burrito	[Roasted Chili Corn Salsa (Medium), [Sour Cream, Cheese, Black Beans, Rice]]	$16.98 
1484	1	Chicken Burrito	[Roasted Chili Corn Salsa (Medium), [Black Beans, Rice, Cheese, Sour Cream]]	$8.49 
1491	1	Chicken Burrito	[Tomatillo-Red Chili Salsa (Hot), [Black Beans, Rice]]	$8.49 
1492	1	Chicken Burrito	[Fresh Tomato Salsa, [Fajita Vegetables, Rice, Black Beans, Cheese, Sour Cream, Lettuce]]	$8.75 
1501	1	Chicken Burrito	[Fresh Tomato Salsa, [Rice, Black Beans, Cheese, Sour Cream, Guacamole, Lettuce]]	$11.25 
1506	1	Chicken Burrito	[Fresh Tomato Salsa, [Rice, Black Beans, Cheese, Sour Cream]]	$8.75 
1507	1	Chicken Burrito	[Fresh Tomato Salsa, [Rice, Black Beans, Cheese, Sour Cream, Lettuce]]	$8.75 
1507	1	Chicken Burrito	[Fresh Tomato Salsa, [Rice, Black Beans, Cheese, Sour Cream, Lettuce]]	$8.75 
1509	2	Chicken Burrito	[Tomatillo Red Chili Salsa, [Rice, Black Beans, Cheese]]	$17.50 
1511	1	Chicken Burrito	[Fresh Tomato Salsa, [Fajita Vegetables, Rice, Black Beans, Cheese]]	$8.75 
1513	1	Chicken Burrito	[Tomatillo Red Chili Salsa, [Rice, Fajita Vegetables, Black Beans, Sour Cream, Cheese, Lettuce, Guacamole]]	$11.25 
1536	1	Chicken Burrito	[Tomatillo-Red Chili Salsa (Hot), [Black Beans, Rice, Fajita Veggies, Cheese, Sour Cream, Lettuce]]	$8.49 
1537	1	Chicken Burrito	[Fresh Tomato Salsa, [Rice, Black Beans, Cheese, Lettuce]]	$8.75 
1544	1	Chicken Burrito	[Fresh Tomato Salsa, [Rice, Black Beans, Cheese, Lettuce, Guacamole]]	$11.25 
1545	1	Chicken Burrito	[Fresh Tomato Salsa, [Rice, Black Beans, Cheese, Guacamole, Lettuce]]	$11.25 
1555	1	Chicken Burrito	[Tomatillo-Red Chili Salsa (Hot), [Black Beans, Rice, Fajita Veggies, Cheese, Sour Cream]]	$8.49 
1562	1	Chicken Burrito	[[Roasted Chili Corn Salsa (Medium), Tomatillo-Red Chili Salsa (Hot)], [Black Beans, Rice, Cheese, Sour Cream, Lettuce]]	$8.49 
1564	1	Chicken Burrito	[Fresh Tomato (Mild), [Black Beans, Rice, Sour Cream, Cheese]]	$8.19 
1566	1	Chicken Burrito	[Fresh Tomato Salsa (Mild), [Black Beans, Rice, Cheese, Sour Cream, Lettuce]]	$8.49 
1570	1	Chicken Burrito	[Tomatillo Green Chili Salsa, [Rice, Black Beans, Cheese, Sour Cream]]	$8.75 
1572	2	Chicken Burrito	[Tomatillo Red Chili Salsa, [Cheese, Black Beans, Rice]]	$17.50 
1573	1	Chicken Burrito	[Fresh Tomato Salsa, [Sour Cream, Cheese, Rice, Black Beans]]	$8.75 
1583	1	Chicken Burrito	[Fresh Tomato Salsa, [Fajita Vegetables, Rice, Black Beans, Cheese, Sour Cream, Guacamole, Lettuce]]	$11.25 
1587	1	Chicken Burrito	[Roasted Chili Corn Salsa, [Rice, Black Beans, Guacamole]]	$11.25 
1589	1	Chicken Burrito	[Tomatillo-Red Chili Salsa (Hot), [Black Beans, Rice, Cheese, Sour Cream, Guacamole]]	$10.98 
1598	1	Chicken Burrito	[Tomatillo Green Chili (Medium), [Lettuce, Black Beans, Rice, Sour Cream, Cheese]]	$8.19 
1598	1	Chicken Burrito	[Roasted Chili Corn (Medium), [Lettuce, Black Beans, Rice, Sour Cream, Cheese]]	$8.19 
1610	1	Chicken Burrito	[Roasted Chili Corn Salsa, [Rice, Black Beans, Sour Cream, Cheese, Lettuce]]	$8.75 
1615	1	Chicken Burrito	[Fresh Tomato Salsa, [Fajita Vegetables, Rice, Black Beans, Cheese, Sour Cream, Guacamole, Lettuce]]	$11.25 
1626	1	Chicken Burrito	[Fresh Tomato Salsa, [Fajita Vegetables, Rice, Black Beans, Cheese, Sour Cream, Lettuce]]	$8.75 
1640	2	Chicken Burrito	[Fresh Tomato Salsa, [Rice, Black Beans, Cheese, Sour Cream]]	$17.50 
1659	1	Chicken Burrito	[Fresh Tomato Salsa, [Rice, Black Beans, Cheese, Sour Cream, Guacamole, Lettuce]]	$11.25 
1663	1	Chicken Burrito	[Fresh Tomato Salsa, [Fajita Vegetables, Rice, Black Beans, Cheese, Sour Cream, Guacamole, Lettuce]]	$11.25 
1665	1	Chicken Burrito	[Roasted Chili Corn Salsa, [Rice, Black Beans, Cheese]]	$8.75 
1667	1	Chicken Burrito	[Tomatillo Red Chili Salsa, [Fajita Vegetables, Rice, Black Beans, Sour Cream, Guacamole]]	$11.25 
1681	1	Chicken Burrito	[Fresh Tomato Salsa, [Rice, Black Beans, Pinto Beans, Cheese, Guacamole, Lettuce]]	$11.25 
1696	1	Chicken Burrito	[Tomatillo Red Chili Salsa, [Fajita Vegetables, Rice, Black Beans, Cheese, Sour Cream, Guacamole, Lettuce]]	$11.25 
1699	1	Chicken Burrito	[Fresh Tomato Salsa, [Rice, Black Beans, Cheese, Sour Cream, Lettuce]]	$8.75 
1701	1	Chicken Burrito	[Fresh Tomato Salsa, [Rice, Black Beans, Cheese, Guacamole, Lettuce]]	$11.25 
1703	1	Chicken Burrito	[Fresh Tomato Salsa, [Fajita Vegetables, Rice, Black Beans, Cheese, Sour Cream, Guacamole, Lettuce]]	$11.25 
1724	1	Chicken Burrito	[Tomatillo Green Chili Salsa, [Rice, Black Beans, Cheese, Guacamole]]	$11.25 
1730	1	Chicken Burrito	[Tomatillo Red Chili Salsa, [Rice, Black Beans, Cheese, Guacamole, Lettuce]]	$11.25 
1737	1	Chicken Burrito	[Roasted Chili Corn Salsa, [Rice, Black Beans, Guacamole]]	$11.25 
1738	1	Chicken Burrito	[Tomatillo Red Chili Salsa, [Rice, Fajita Vegetables, Black Beans, Lettuce]]	$8.75 
1743	1	Chicken Burrito	[Fresh Tomato Salsa, [Fajita Vegetables, Rice, Black Beans, Cheese, Sour Cream, Lettuce]]	$8.75 
1746	1	Chicken Burrito	[Roasted Chili Corn Salsa, [Rice, Black Beans, Cheese, Sour Cream, Lettuce]]	$8.75 
1787	1	Chicken Burrito	[Tomatillo Green Chili Salsa, [Rice, Black Beans, Cheese, Sour Cream, Lettuce]]	$8.75 
1799	1	Chicken Burrito	[Roasted Chili Corn Salsa, [Rice, Black Beans, Cheese]]	$8.75 
1800	1	Chicken Burrito	[Fresh Tomato Salsa, [Rice, Black Beans, Sour Cream, Cheese, Lettuce]]	$8.75 
1802	1	Chicken Burrito	[Tomatillo Red Chili Salsa, [Fajita Vegetables, Rice, Black Beans, Cheese, Sour Cream, Guacamole, Lettuce]]	$11.25 
1811	1	Chicken Burrito	[Tomatillo Green Chili Salsa, [Fajita Vegetables, Rice, Black Beans, Cheese, Sour Cream, Guacamole, Lettuce]]	$11.25 
1812	1	Chicken Burrito	[Fresh Tomato Salsa, [Rice, Black Beans, Cheese, Sour Cream, Lettuce]]	$8.75 
